{"count":1,"gauges":{},"self":96.620352,"total":120.99868439999999,"children":{"AgentResetIfDone":{"count":6022,"self":0.0491534,"total":0.0491534,"children":null},"AgentSendState":{"count":6022,"self":0.21511919999999998,"total":0.3375705,"children":{"CollectObservations":{"count":18090,"self":0.1224513,"total":0.1224513,"children":null}}},"DecideAction":{"count":6022,"self":1.6857495999999998,"total":3.5662908,"children":{"RayPerceptionSensor.Perceive":{"count":18090,"self":1.8805412,"total":1.8805412,"children":null}}},"AcademyStep":{"count":6022,"self":0.014843299999999999,"total":0.014843299999999999,"children":null},"AgentAct":{"count":6022,"self":20.408472,"total":20.4084722,"children":null}}}