{"cameraMode":{"drawMode":0,"name":"Shaded","section":"Shading Mode"},"sceneLighting":false,"audioPlay":false,"sceneViewState":{"showFog":true,"showMaterialUpdate":false,"showSkybox":false,"showFlares":true,"showImageEffects":true,"showParticleSystems":true},"in2DMode":false,"pivot":{"x":-0.00005078315734863281,"y":0.9382098913192749,"z":0.0},"rotation":{"x":0.06285546720027924,"y":0.7867397665977478,"z":-0.08124078810214997,"w":0.6086786389350891},"size":4.684786319732666,"orthographic":false}