{"cameraMode":{"drawMode":0,"name":"Shaded","section":"Shading Mode"},"sceneLighting":true,"audioPlay":false,"sceneViewState":{"showFog":true,"showMaterialUpdate":true,"showSkybox":true,"showFlares":true,"showImageEffects":true,"showParticleSystems":true},"in2DMode":false,"pivot":{"x":11.171634674072266,"y":0.9430874586105347,"z":-3.3427205085754396},"rotation":{"x":-0.1095254123210907,"y":-0.88458651304245,"z":0.37015143036842348,"w":-0.2617228329181671},"size":2.1986424922943117,"orthographic":false}