{"cameraMode":{"drawMode":0,"name":"Shaded","section":"Shading Mode"},"sceneLighting":false,"audioPlay":false,"sceneViewState":{"showFog":true,"showMaterialUpdate":false,"showSkybox":false,"showFlares":true,"showImageEffects":true,"showParticleSystems":true},"in2DMode":false,"pivot":{"x":-0.050000011920928958,"y":0.918999969959259,"z":3.0},"rotation":{"x":0.2547634541988373,"y":0.09554529190063477,"z":-0.02529897354543209,"w":0.9619390368461609},"size":2.853457450866699,"orthographic":false}