{"cameraMode":{"drawMode":0,"name":"Shaded","section":"Shading Mode"},"sceneLighting":false,"audioPlay":false,"sceneViewState":{"showFog":true,"showMaterialUpdate":true,"showSkybox":false,"showFlares":true,"showImageEffects":true,"showParticleSystems":true},"in2DMode":false,"pivot":{"x":-10.703110694885254,"y":1.754715919494629,"z":-15.563556671142579},"rotation":{"x":0.006953364238142967,"y":-0.9928200840950012,"z":0.09441261738538742,"w":0.07311883568763733},"size":22.0,"orthographic":false}